"","X1","Player","Year","Draft pick","Height (No Shoes)","Height (With Shoes)","Wingspan","Standing reach","Vertical (Max)","Vertical (Max Reach)","Vertical (No Step)","Vertical (No Step Reach)","Weight","Body Fat","Hand (Length)","Hand (Width)","Bench","Agility","Sprint"
"1",0,"Blake Griffin",2009,1,80.5,82,83.25,105,35.5,140.5,32,137,248,8.2,NA,NA,22,10.95,3.28
"2",1,"Terrence Williams",2009,11,77,78.25,81,103.5,37,140.5,30.5,134,213,5.1,NA,NA,9,11.15,3.18
"3",2,"Gerald Henderson",2009,12,76,77,82.25,102.5,35,137.5,31.5,134,215,4.4,NA,NA,8,11.17,3.14
"4",3,"Tyler Hansbrough",2009,13,80.25,81.5,83.5,106,34,140,27.5,133.5,234,8.5,NA,NA,18,11.12,3.27
"5",4,"Earl Clark",2009,14,80.5,82.25,86.5,109.5,33,142.5,28.5,138,228,5.2,NA,NA,5,11.17,3.35
"6",5,"Austin Daye",2009,15,81.75,82.75,86.75,110,28,138,25,135,192,5.5,NA,NA,NA,12.11,3.55
"7",6,"James Johnson",2009,16,79,79.75,84.75,105.5,35,140.5,30.5,136,257,12,NA,NA,18,11.21,3.23
"8",7,"Jrue Holiday",2009,17,75.25,76.25,79,100.5,34,134.5,28.5,129,199,6.3,NA,NA,6,10.64,3.21
"9",8,"Ty Lawson",2009,18,71.25,72.5,72.75,94.5,36.5,131,29,123.5,197,6.6,NA,NA,14,10.98,3.12
"10",9,"Jeff Teague",2009,19,72.25,73.5,79.5,98.5,36.5,135,30.5,129,175,4.5,NA,NA,13,11.05,3.18
"11",10,"Hasheem Thabeet",2009,2,85.25,86.5,90.25,113,NA,NA,NA,NA,267,6.7,NA,NA,NA,NA,NA
"12",11,"Eric Maynor",2009,20,74.25,75.25,74.5,97,31.5,128.5,28.5,125.5,164,5.4,NA,NA,8,10.78,3.19
"13",12,"Darren Collison",2009,21,72.25,73.5,75,96.5,33.5,130,30.5,127,166,5.7,NA,NA,9,10.45,3.1
"14",13,"Omri Casspi",2009,23,79.75,81.25,81.25,106.5,32.5,139,25.5,132,211,8.6,NA,NA,2,11.15,3.28
"15",14,"Byron Mullens",2009,24,83.75,85.25,85.5,111,32.5,143.5,28.5,139.5,258,8.5,NA,NA,10,11.1,3.45
"16",15,"Damion James",2009,24,78.25,79.5,84.75,106,37,143,30,136,224,8.2,9.25,8.5,14,11.23,3.09
"17",16,"Rodrigue Beaubois",2009,25,73.25,74.25,81.75,100,39,139,29.5,129.5,182,7.9,NA,NA,3,10.49,3.15
"18",17,"Taj Gibson",2009,26,80.5,81.75,88,109,30,139,25.5,134.5,214,6.6,NA,NA,12,11.56,3.41
"19",18,"DeMarre Carroll",2009,27,78.25,79.75,82,105,NA,NA,NA,NA,207,6.3,NA,NA,NA,NA,NA
"20",19,"Greivis Vasquez",2009,28,76.75,78,79.25,101,28,129,24.5,125.5,197,6.9,7.75,9.25,1,11.13,3.48
"21",20,"Wayne Ellington",2009,28,76.25,77.25,78.5,100,38,138,31.5,131.5,202,5.5,NA,NA,13,11.14,3.2
"22",21,"Toney Douglas",2009,29,73,74,78,97.5,32.5,130,28,125.5,183,5.2,NA,NA,15,10.63,3.03
"23",22,"James Harden",2009,3,76,77.25,82.75,103.5,37,140.5,31.5,135,222,10.1,NA,NA,17,11.1,3.13
"24",23,"Jeff Pendergraph",2009,31,80.75,82,85,107,35,142,31,138,240,5.5,NA,NA,15,11.98,3.14
"25",24,"Jermaine Taylor",2009,32,75.5,76.75,80.75,101,37.5,138.5,34,135,207,5.8,NA,NA,16,11.54,3.32
"26",25,"Dante Cunningham",2009,33,79,80.25,83,106.5,35,141.5,28,134.5,227,4.8,NA,NA,18,11.18,3.26
"27",26,"DaJuan Summers",2009,35,79.25,80.5,84.75,106.5,34.5,141,29.5,136,243,6.6,NA,NA,15,10.94,3.17
"28",27,"Sam Young",2009,36,77.25,78.75,82.75,105.5,33,138.5,27.5,133,223,4.9,NA,NA,NA,11.47,3.45
"29",28,"DeJuan Blair",2009,37,77.25,78.5,86,106.5,33,139.5,26,132.5,277,12,NA,NA,18,11.5,3.45
"30",29,"Tyreke Evans",2009,4,76,77.25,83.25,104,34,138,28.5,132.5,221,7.1,NA,NA,7,11.81,3.17
"31",30,"Derrick Brown",2009,40,79.5,80.5,86.5,107.5,35.5,143,30.5,138,225,8.6,NA,NA,20,11.26,3.13
"32",31,"Jodie Meeks",2009,41,75,76,76.5,98,37,135,28.5,126.5,211,8,NA,NA,14,10.96,3.1
"33",32,"Marcus Thornton",2009,43,74.75,75.75,77,99,33,132,31,130,194,4.8,NA,NA,14,10.73,3.28
"34",33,"Chase Budinger",2009,44,78.25,79,79,101,38.5,139.5,29.5,130.5,206,10,NA,NA,10,11.08,3.24
"35",34,"Danny Green",2009,46,77.25,78.5,82,103,33,136,29,132,208,5.6,NA,NA,15,11.3,3.3
"36",35,"Gani Lawal",2009,46,79.75,81,84,106,34.5,140.5,30,136,229,7.2,8.5,10,17,11.93,3.34
"37",36,"Jack McClinton",2009,51,71.75,72.75,74.5,96,36.5,132.5,30,126,185,6.2,NA,NA,13,10.44,3.21
"38",37,"A.J. Price",2009,52,72.5,74,75.75,97,31,128,26,123,193,12.4,NA,NA,11,10.99,3.22
"39",38,"Luke Harangody",2009,52,78.25,80,81.75,106,31,137,27,133,240,11.2,8.75,9.75,23,11.15,3.33
"40",39,"Patrick Mills",2009,55,71.25,72.5,74,95,33,128,27.5,122.5,175,6.9,NA,NA,8,10.87,3.1
"41",40,"Jonny Flynn",2009,6,71.25,72.75,76,95.5,40,135.5,33,128.5,196,6.3,NA,NA,10,10.86,3.23
"42",41,"Stephen Curry",2009,7,74,75.25,75.5,97,35.5,132.5,29.5,126.5,181,5.7,NA,NA,10,11.07,3.28
"43",42,"Jordan Hill",2009,8,81.25,82.25,85.5,108,35,143,31,139,232,6,NA,NA,11,12.23,3.3
"44",43,"Demar DeRozan",2009,9,77.5,78.5,81,102.5,38.5,141,29,131.5,211,4.9,NA,NA,5,11.88,3.31
"45",44,"Dionte Christmas",2009,NA,76.25,77.5,81,102.5,33.5,136,27,129.5,211,7.1,NA,NA,3,10.83,3.21
"46",45,"Jeff Adrien",2009,NA,77.25,78.5,86,107.5,31.5,139,27.5,135,236,7.9,NA,NA,16,11.34,3.32
"47",46,"Jerel McNeal",2009,NA,73.5,75,79.25,99.5,36.5,136,31.5,131,190,5.4,NA,NA,10,10.61,3.25
"48",47,"Joe Ingles",2009,NA,79.75,80.25,82.25,105,31,136,26,131,209,10.1,NA,NA,3,10.66,3.3
"49",48,"Josh Heytvelt",2009,NA,82,83,85.25,108,34,142,28.5,136.5,246,10.8,NA,NA,15,11.67,3.38
"50",49,"Tyler Smith",2009,NA,77.25,78,81.75,104.5,33.5,138,29,133.5,212,7,NA,NA,10,10.69,3.24
"51",50,"John Wall",2010,1,74.75,76,81.25,101.5,39,140.5,30,131.5,196,5.6,8.25,9.5,NA,10.84,3.14
"52",51,"Paul George",2010,10,79.75,80.75,83.25,107,NA,NA,NA,NA,214,5,8.5,9,4,NA,NA
"53",52,"Cole Aldrich",2010,11,81,83.25,88.75,111.5,28,139.5,23,134.5,236,8.5,9,9.25,10,11.48,3.35
"54",53,"Xavier Henry",2010,12,77.25,78.5,83.25,105,36.5,141.5,28.5,133.5,210,4.7,8.75,10,8,11.1,3.18
"55",54,"Ed Davis",2010,13,81,81.75,84,108,36,144,31,139,227,10,9.25,10,NA,11.7,3.21
"56",55,"Patrick Patterson",2010,14,80,81.25,85.25,107,33.5,140.5,28.5,135.5,240,5.3,9.25,10.25,17,11.14,3.25
"57",56,"Larry Sanders",2010,15,81.25,82.5,89.75,112,28,140,25.5,137.5,222,4.6,9.75,11,7,12.49,3.27
"58",57,"Luke Babbitt",2010,16,79.5,80.75,83.25,104.5,37.5,142,29.5,134,218,5.6,8.5,10,15,10.98,3.4
"59",58,"Eric Bledsoe",2010,18,72.25,73.5,79.5,98,NA,NA,NA,NA,192,5.6,8.5,9.75,9,NA,NA
"60",59,"Avery Bradley",2010,19,74,75.25,79.25,98.5,37.5,136,31.5,130,180,4,8.25,9.5,2,11.47,3.14
"61",60,"Evan Turner",2010,2,77.75,79,80,103.5,34.5,138,27.5,131,214,8.6,8.75,9.5,9,11.06,3.27
"62",61,"James Anderson",2010,20,76.75,77.75,80.5,104,35.5,139.5,30,134,208,7.9,9,7,14,11.86,3.19
"63",62,"Craig Brackins",2010,21,80.5,81.75,84,109,35,144,26,135,229,7.9,9.5,11.25,6,11.65,3.39
"64",63,"Trevor Booker",2010,23,78.25,79.5,81.75,106,36,142,31,137,236,7.3,9,9.5,22,11.15,3.1
"65",64,"Dominique Jones",2010,25,75.25,77,81.25,101,32.5,133.5,26,127,216,5.9,9,10.25,19,10.88,3.31
"66",65,"Jordan Crawford",2010,27,75,76.5,79,101,34.5,135.5,31.5,132.5,198,4.9,8,9,7,11.03,3.37
"67",66,"Daniel Orton",2010,29,80.75,81.5,88.25,110.5,30.5,141,24,134.5,269,13.8,8.5,9.75,13,12.32,3.39
"68",67,"Derrick Favors",2010,3,80.75,82.25,88,110,35.5,145.5,31.5,141.5,245,6.5,8.75,9.25,14,11.74,3.25
"69",68,"Lazar Hayward",2010,30,76.5,77.75,84.75,102,36,138,31,133,226,7.5,9.25,9.5,15,10.87,3.31
"70",69,"Dexter Pittman",2010,32,81.5,83.5,90,111,NA,NA,NA,NA,303,20.8,10.25,10.5,NA,NA,NA
"71",70,"Hassan Whiteside",2010,33,82.5,83.5,91,113,31.5,144.5,27,140,227,5.5,8.25,10.25,12,11.83,3.54
"72",71,"Armon Johnson",2010,34,74,75.25,80,99.5,38.5,138,31.5,131,195,5.6,8.25,9.25,18,11.25,3.19
"73",72,"Terrico White",2010,36,75.75,77,81,101,40,141,31,132,203,3.7,9,10.5,10,11.38,3.15
"74",73,"Darington Hobson",2010,37,77.25,78.5,81.25,104.5,34,138.5,29,133.5,204,6.2,8.25,9,NA,11.68,3.25
"75",74,"Andy Rautins",2010,38,76.25,77,79,100,30.5,130.5,23.5,123.5,192,6.2,8,9.75,8,11.27,3.49
"76",75,"Wesley Johnson",2010,4,78.25,79.25,85,106,37,143,32,138,206,4.6,9,9.5,16,11.43,3.14
"77",76,"Lance Stephenson",2010,40,76.5,77.75,82.5,103,33,136,27,130,227,9.3,9,10.25,10,11.39,3.38
"78",77,"Jarvis Varnado",2010,41,80.25,82,87.5,109.5,32.5,142,29.5,139,210,9.5,9.25,9.5,3,11.61,3.37
"79",78,"Devin Ebanks",2010,43,79,80.25,84.25,107.5,32,139.5,23.5,131,208,7.9,8.25,9,6,11.69,3.44
"80",79,"Jerome Jordan",2010,44,83.5,84.75,89.25,113,NA,NA,NA,NA,244,6.9,9,10.25,NA,NA,NA
"81",80,"Tiny Gallon",2010,47,80.5,81.5,88.5,109.5,28.5,138,23.5,133,302,15.1,9.25,10.5,14,13.44,3.7
"82",81,"Ryan Richards",2010,49,82.5,83.75,85.5,110,28.5,138.5,25,135,230,8,9,9.75,4,11.33,3.37
"83",82,"DeMarcus Cousins",2010,5,81.5,82.75,89.75,113,27.5,140.5,23.5,136.5,292,16.4,9.25,10,NA,11.4,3.55
"84",83,"Solomon Alabi",2010,50,83.5,84.75,89,113,26,139,22.5,135.5,237,5,9.25,9.25,10,13.2,3.68
"85",84,"Willie Warren",2010,54,74.5,75.75,78,99.5,31.5,131,23,122.5,208,7.6,8.5,9.5,10,11.21,3.5
"86",85,"Derrick Caracter",2010,58,80.25,81.5,84.25,107.25,30.5,137.75,25,132.25,280,12.8,9,10.25,22,12.78,3.61
"87",86,"Stanley Robinson",2010,59,78.5,79.75,84,107.5,37.5,145,NA,NA,213,8.3,9,9,6,11.65,3.23
"88",87,"Ekpe Udoh",2010,6,80.75,81.75,88.5,106.5,33.5,140,31,137.5,237,8,9.5,8.75,10,11.15,3.29
"89",88,"Greg Monroe",2010,7,81.75,83,86.25,108.5,29,137.5,25,133.5,247,11.2,8.75,9.5,15,12.1,3.35
"90",89,"Al-Farouq Aminu",2010,8,79.25,80.5,87.25,108.5,33.5,142,27,135.5,216,8.2,9.5,9.5,13,11.29,3.3
"91",90,"Gordon Hayward",2010,9,78.75,80,79.75,103,34.5,137.5,30.5,133.5,211,6.9,8.5,9.25,10,11.73,3.22
"92",91,"Artsiom Parakhouski",2010,NA,82.25,83.75,85,109.5,26.5,136,25.5,135,268,6,9,10.5,16,12.07,3.33
"93",92,"Charles Garcia",2010,NA,80.25,81.25,85.75,107.5,30.5,138,24.5,132,232,7,8.75,9,2,11.65,3.23
"94",93,"Jon Scheyer",2010,NA,76.75,78,75.25,99,NA,NA,NA,NA,180,5.4,7.75,9.5,NA,NA,NA
"95",94,"Manny Harris",2010,NA,76,77.5,79.25,102,NA,NA,NA,NA,185,3.8,8.5,9,11,NA,NA
"96",95,"Mikhail Torrance",2010,NA,76,NA,78.75,101.75,32,133.75,23,124.75,207,NA,8.75,9.5,8,11.43,3.17
"97",96,"Sherron Collins",2010,NA,70.25,71.75,74.5,94,33,127,27.5,121.5,217,9.2,8.5,9.5,NA,12.31,3.24
"98",97,"Sylven Landesberg",2010,NA,76.75,78.25,81,100.5,32,132.5,28,128.5,210,11.6,8.75,10.75,8,11.59,3.36
"99",98,"Jimmer Fredette",2011,10,72.75,74.5,76.5,96.5,33,129.5,28,124.5,196,7.7,8,8.5,14,10.42,3.21
"100",99,"Klay Thompson",2011,11,77.75,79.25,81,103.5,31.5,135,26.5,130,206,8,8.75,9.25,5,10.99,3.24
"101",100,"Alec Burks",2011,12,77,78,82,103.5,36,139.5,29,132.5,193,5.1,9,8.25,5,10.96,3.17
"102",101,"Markieff Morris",2011,13,79.75,81.25,82.75,106.5,31.5,138,27,133.5,241,10.2,8.5,8.25,11,NA,3.4
"103",102,"Marcus Morris",2011,14,79,80.75,82,105.5,33,138.5,29,134.5,230,8,8.25,8.5,11,NA,3.15
"104",103,"Kawhi Leonard",2011,15,78,79,87,106,32,138,25.5,131.5,227,5.4,9.75,11.25,3,11.45,3.15
"105",104,"Nikola Vucevic",2011,16,82.25,83.75,88.5,112.5,25,137.5,23.5,136,260,6.1,9.25,10.25,8,12.02,3.27
"106",105,"Iman Shumpert",2011,17,76.25,77.5,81.5,99.5,42,141.5,36.5,136,222,6.5,9,9,18,11.1,3.18
"107",106,"Chris Singleton",2011,18,79.75,81,85,103.5,37.5,141,30.5,134,230,7.4,9.25,10,15,11.33,3.09
"108",107,"Tobias Harris",2011,19,78.5,79.75,83,103.5,37.5,141,31.5,135,223,8.4,8.75,9,12,10.96,3.17
"109",108,"Derrick Williams",2011,2,79.25,80.75,85.5,108,34.5,142.5,29,137,248,10.8,9,9.75,19,11.03,3.23
"110",109,"Nolan Smith",2011,21,73.5,75.5,77.5,99,34,133,28.5,127.5,188,5.6,8.5,9.25,9,11.05,3.17
"111",110,"Kenneth Faried",2011,22,78,79.5,84,108,35,143,30.5,138.5,225,6.3,8.5,10.25,16,11.35,3.26
"112",111,"Marshon Brooks",2011,25,76.25,77.25,85,101,38.5,139.5,34,135,195,5.2,9,10.5,5,10.74,3.09
"113",112,"Jordan Hamilton",2011,26,78.75,80.5,81.5,104,32,136,25,129,228,9.8,9,9.25,7,11.47,3.3
"114",113,"JaJuan Johnson (Purdue)",2011,27,81,82,86,107.5,38,145.5,33.5,141,220,7.5,9,10,15,11.21,3.14
"115",114,"Norris Cole",2011,28,72.25,73.75,74.25,95.5,38.5,134,29.5,125,174,4.7,8.5,9.5,11,10.07,3.22
"116",115,"Cory Joseph",2011,29,74,75.25,77.5,99,35,134,27.5,126.5,186,9.7,8.5,10.5,5,10.75,3.27
"117",116,"Enes Kanter",2011,3,81.75,83.25,85.5,109.5,32.5,142,26,135.5,259,5.9,9.5,10.75,14,11.3,3.26
"118",117,"Jimmy Butler",2011,30,78,79.75,79.5,101.5,39,140.5,32,133.5,222,5.4,9,9,14,11.92,3.15
"119",118,"Justin Harper",2011,32,80,80.75,83.75,106,33,139,28.5,134.5,228,4,9,9.25,19,11.92,3.3
"120",119,"Kyle Singler",2011,33,79.5,80.5,82.1,106,30,136,23,129,228,10,8.25,8.75,10,11.22,3.21
"121",120,"Shelvin Mack",2011,34,73,74.5,79.5,96.5,39,135.5,32,128.5,209,7.1,8.25,9.25,17,11.23,3.18
"122",121,"Tyler Honeycutt",2011,35,78.75,80.25,81,105,37,142,30,135,187,5.3,8.5,9.5,NA,11.68,3.07
"123",122,"Jordan Williams",2011,36,79.75,81,84.25,106.5,30.5,137,25,131.5,247,12.1,9.25,10,10,12.74,3.45
"124",123,"Trey Thompkins",2011,37,80.5,81.75,85,107.5,30.5,138,27.5,135,239,15.5,9.25,9.75,15,11.72,3.41
"125",124,"Chandler Parsons",2011,38,80.75,81.75,81.5,104.5,31.5,136,25.5,130,221,7,8.25,10,4,11.05,3.29
"126",125,"Jeremy Tyler",2011,39,81,82.5,89,110.5,33.5,144,28,138.5,262,13.4,9.25,9,10,11.26,3.29
"127",126,"Tristan Thompson",2011,4,79.5,80.75,85.25,108.5,35,143.5,30,138.5,227,6.2,8.75,9.25,9,10.92,3.26
"128",127,"Jon Leuer",2011,40,82,83.5,84,105.5,36.5,142,29.5,135,223,5.4,8.75,9.75,17,10.82,3.36
"129",128,"Darius Morris",2011,41,75.25,77.25,79.5,102,32,134,24.5,126.5,190,5.3,8.75,10,12,11,3.2
"130",129,"Malcolm Lee",2011,43,76,77.5,81.75,101.5,35.5,137,30,131.5,198,5.9,8.5,9.5,17,11.2,3.09
"131",130,"Charles Jenkins",2011,44,73.5,75.25,79.5,96.5,34,130.5,29.5,126,216,4.3,8.5,9,16,11.68,3.18
"132",131,"Andrew Goudelock",2011,46,73.25,74.75,76.25,96.5,37,133.5,32.5,129,198,9.9,8.25,9.25,4,10.33,3.1
"133",132,"Travis Leslie",2011,47,75,76.25,82.5,103,40.5,143.5,33,136,205,8.1,8.75,9.25,10,11,3.13
"134",133,"Keith Benson",2011,48,82,83,87.75,109.5,36,145.5,31.5,141,217,6.1,9.5,11,12,11.88,3.35
"135",134,"Josh Selby",2011,49,73.75,75,77.25,98,42,140,29.5,127.5,195,7.9,8.5,9,5,11.13,3.2
"136",135,"Jon Diebler",2011,51,77.25,78.5,78,99,35,134,28,127,197,8.5,8.25,8.25,2,10.94,3.37
"137",136,"DeAndre Liggins",2011,53,77,78.25,83,103.5,31,134.5,27,130.5,202,5,8.75,10,6,NA,3.33
"138",137,"E'Twaun Moore",2011,55,74.5,76,81.5,99.5,34.5,134,32,131.5,191,7.6,9,10,NA,11.12,3.31
"139",138,"Isaiah Thomas",2011,60,68.75,70.25,73.75,91.5,40,131.5,31.5,123,186,6.7,8.25,9,13,10.49,3.14
"140",139,"Brandon Knight",2011,8,73.5,75.25,78.75,98.5,37.5,136,29,127.5,177,4.2,8.25,9.5,10,10.74,3.07
"141",140,"Kemba Walker",2011,9,71.5,73,75.5,91.5,39.5,131,32,123.5,184,5.9,8,9,7,10.87,3.16
"142",141,"David Lighty",2011,NA,76.75,78.5,80,101,33,134,28.5,129.5,216,6.5,9,10,15,10.81,3.25
"143",142,"Demetri McCamey",2011,NA,73.75,75.25,78.25,99.5,33,132.5,27,126.5,204,6.1,8.5,9,NA,11.55,3.19
"144",143,"Greg Smith",2011,NA,80,81.25,86.5,106.5,36,142.5,29.5,136,253,7.4,9.75,12,17,12.43,3.36
"145",144,"Jamie Skeen",2011,NA,78.5,80,85.25,106.5,30.5,137,26,132.5,242,9.8,8.5,8.5,10,12.43,3.46
"146",145,"Jereme Richmond",2011,NA,78,79.25,82.25,106.5,33.5,140,27,133.5,207,5.5,8.75,9.5,NA,11.74,3.02
"147",146,"LaceDarius Dunn",2011,NA,75,76,78.25,101,31,132,26.5,127.5,188,5.5,9,10.25,3,11.45,3.27
"148",147,"Malcolm Thomas",2011,NA,79.5,80.75,84.5,107.5,36.5,144,32,139.5,223,5.9,9.5,10.5,5,11.31,3.29
"149",148,"Michael Dunigan",2011,NA,80.5,82,87.25,107.5,34.5,142,29.5,137,238,8,9,10.75,10,11.85,3.27
"150",149,"Rick Jackson",2011,NA,80.25,81.25,86,106.5,33,139.5,28.5,135,242,8.3,8.75,9.5,9,11.51,3.26
"151",150,"Scotty Hopson",2011,NA,77.75,78.5,82.5,103.5,36,139.5,32.5,136,205,4.8,8.5,10,10,10.47,3.18
"152",151,"Anthony Davis",2012,1,81.25,82.5,89.5,108,NA,NA,NA,NA,222,7.9,9,8.5,NA,NA,NA
"153",152,"Austin Rivers",2012,10,75.5,77,79.25,96.5,37.5,134,32.5,129,203,6.2,8.5,10,1,11.54,3.32
"154",153,"Meyers Leonard",2012,11,83.75,85.25,87,108,32.5,140.5,30,138,250,5.7,9.25,11,19,11.34,3.41
"155",154,"Jeremy Lamb",2012,12,76,77.25,83,102,38,140,31.5,133.5,179,4.5,8.75,9.25,5,10.98,3.25
"156",155,"Kendall Marshall",2012,13,75.25,76.25,77.5,96,37,133,31,127,198,7.8,8.5,9,NA,12.03,3.23
"157",156,"John Henson",2012,14,81,82.5,89,112,30,142,25.5,137.5,216,8.6,9.25,10,5,NA,NA
"158",157,"Moe Harkless",2012,15,79.25,80.75,84,102.5,37,139.5,32.5,135,207,5.3,9.25,10.25,5,10.87,3.25
"159",158,"Royce White",2012,16,79,80,84,104.5,NA,NA,NA,NA,261,10.6,9.5,11.5,NA,NA,NA
"160",159,"Tyler Zeller",2012,17,83.25,84.5,84,104.5,34,138.5,30,134.5,247,6.4,9,9.75,16,11.13,3.4
"161",160,"Terrence Jones",2012,18,80.25,81.5,86.25,107,34.5,141.5,29.5,136.5,252,7.7,9,10,12,11.57,3.4
"162",161,"Andrew Nicholson",2012,19,80.5,81.5,88,107,30.5,137.5,28.5,135.5,234,7.6,10,10.75,10,11.89,3.67
"163",162,"Michael Kidd-Gilchrist",2012,2,77.75,79.5,84,104.5,35.5,140,32,136.5,233,7,9,10.25,6,11.77,3.18
"164",163,"Jared Sullinger",2012,21,79.75,81,85.25,105.5,31,136.5,29.5,135,268,10.7,9.25,9.75,9,12.77,3.81
"165",164,"Fab Melo",2012,22,82.75,84,86.5,110,31,141,29.5,139.5,255,9.2,9,10,9,12.14,3.44
"166",165,"John Jenkins",2012,23,75.25,76.25,80.5,98,36.5,134.5,30.5,128.5,212,7.1,9,9,10,11.36,3.37
"167",166,"Jared Cunningham",2012,24,75.5,77,78.5,98,NA,NA,NA,NA,188,3.6,8.25,9,4,NA,NA
"168",167,"Tony Wroten",2012,25,76.75,78,81,101,35.5,136.5,30,131,203,5.2,8,9,NA,10.75,3.24
"169",168,"Miles Plumlee",2012,26,82.5,83.75,84.75,105.5,40.5,146,34,139.5,252,11.4,9.25,9,15,10.64,3.36
"170",169,"Arnett Moultrie",2012,27,81.5,82.75,86.25,106.5,37.5,144,33.5,140,233,7.7,9.25,9.25,10,11.32,3.22
"171",170,"Perry Jones",2012,28,82.25,83.25,85.75,107,38.5,145.5,33,140,234,4.6,9.25,9.5,11,11.31,3.19
"172",171,"Marquis Teague",2012,29,73,74,79.25,96.5,40.5,137,32.5,129,180,6.3,8.25,7.75,8,10.65,3.19
"173",172,"Bradley Beal",2012,3,75.25,76.75,80,100,39,139,33,133,202,6,8.5,9,8,10.95,3.28
"174",173,"Festus Ezeli",2012,30,81.75,83.5,89.75,108,33.5,141.5,34,142,264,5.5,9,10.75,18,12.35,3.29
"175",174,"Jeff Taylor",2012,31,78,79.25,78.25,101.5,40,141.5,33.5,135,213,4.2,8.25,9.75,15,10.87,3.29
"176",175,"Tomas Satoransky",2012,32,78.5,79.5,79.25,100,NA,NA,NA,NA,201,5.2,8.5,9.5,NA,NA,NA
"177",176,"Bernard James",2012,33,80.75,82,87,108.5,32.5,141,30,138.5,230,5,9,9.25,6,11.84,3.4
"178",177,"Jae Crowder",2012,34,76.75,78.5,81.25,99.5,34.5,134,31,130.5,241,9,9.5,10.5,20,11.45,3.37
"179",178,"Draymond Green",2012,35,77.75,79.5,85.25,105,33,138,28,133,236,11.3,9,9.5,9,11.01,3.4
"180",179,"Orlando Johnson",2012,36,75.75,77.25,83.25,99,39.5,138.5,32,131,224,7,9,9.5,13,10.98,3.25
"181",180,"Quincy Acy",2012,37,78.5,79.75,86.75,106.5,37,143.5,32,138.5,224,7.1,9.5,11,13,10.48,3.28
"182",181,"Quincy Miller",2012,38,80.75,82,85.25,105,36,141,30.5,135.5,219,7.8,9.25,10.25,8,11.05,3.48
"183",182,"Khris Middleton",2012,39,78.75,80.25,82.75,103,31,134,28,131,216,7.8,9,9,4,11.45,3.47
"184",183,"Dion Waiters",2012,4,74.5,76,79.25,98,NA,NA,NA,NA,221,8.5,8.5,9.5,NA,NA,NA
"185",184,"Will Barton",2012,40,77,78,81.75,102.5,34,136.5,30,132.5,174,4.1,9,9.5,NA,12.5,3.6
"186",185,"Tyshawn Taylor",2012,41,74.75,76,78.25,97.5,36.5,134,32,129.5,177,4.2,8.75,8.75,NA,11.48,3.2
"187",186,"Doron Lamb",2012,42,75.25,76.75,78.75,98.5,33.5,132,29,127.5,199,6.7,8.5,8.75,2,11.12,3.41
"188",187,"Mike Scott",2012,43,79.25,80.75,82.75,104,32.5,136.5,27,131,241,10.6,8.5,9,14,11.59,3.44
"189",188,"Kim English",2012,44,76.5,77.75,78.5,98,36.5,134.5,29,127,192,4.3,8.5,8.75,NA,10.59,3.33
"190",189,"Darius Miller",2012,46,78,79.5,81,101,37,138,33,134,233,7.5,8.5,8.75,14,11.34,3.31
"191",190,"Kevin Murphy",2012,47,77,78.25,78.75,99,36.5,135.5,31,130,194,5.8,8.5,8.5,11,10.97,3.42
"192",191,"Kyle O'Quinn",2012,49,80.5,82,88.75,106.5,31.5,138,31.5,138,241,8,9.5,10,NA,11.65,3.53
"193",192,"Thomas Robinson",2012,5,79.75,80.75,87.25,106,35.5,141.5,28.5,134.5,244,5,9.75,10.5,15,11.96,3.17
"194",193,"Kris Joseph",2012,51,78,79,83,104,35,139,28.5,132.5,215,8.6,9,9,6,NA,3.46
"195",194,"Darius Johnson-Odom",2012,55,73.5,75,79,96,41.5,137.5,33.5,129.5,212,7,8.75,8.75,17,10.76,3.21
"196",195,"Robbie Hummel",2012,58,79.25,80.5,80.5,102,30,132,27.5,129.5,218,9.4,8.5,9.5,13,11.56,3.41
"197",196,"Marcus Denmon",2012,59,74.25,75.25,77,94.5,40,134.5,33.5,128,188,6.6,8.25,9.75,8,10.82,3.19
"198",197,"Damian Lillard",2012,6,73.75,74.75,79.75,95.5,39.5,135,34.5,130,189,5.9,8.75,9.75,13,11.15,3.34
"199",198,"Harrison Barnes",2012,7,79,80,83.25,101.5,39.5,141,38,139.5,228,9.6,9,8.5,15,10.93,3.16
"200",199,"Terrence Ross",2012,8,78,79,79.25,100.5,37.5,138,31,131.5,197,3.2,8.75,10.25,2,11.78,3.28
"201",200,"Andre Drummond",2012,9,81.75,83.75,90.25,109.5,33.5,143,31.5,141,279,7.5,9.5,9.5,10,10.83,3.39
"202",201,"Drew Gordon",2012,NA,80,80.75,83.5,103.5,34,137.5,29,132.5,239,9.1,8.5,9.75,10,11.35,3.49
"203",202,"Henry Sims",2012,NA,82,83.75,88,108,29.5,137.5,26.5,134.5,241,7.7,9.25,10,7,12.33,3.44
"204",203,"Hollis Thompson",2012,NA,78.75,80,81.5,102.5,36.5,139,28.5,131,206,6,8.25,9.75,6,11.72,3.38
"205",204,"J'Covan Brown",2012,NA,73,74.25,77.25,96,29.5,125.5,26,122,202,12.5,7.75,8.25,3,11.68,3.47
"206",205,"JaMychal Green",2012,NA,80,81,86.25,106.5,32.5,139,29.5,136,217,9.8,9.25,9.25,19,10.63,3.38
"207",206,"Jordan Taylor",2012,NA,73,74,75,92.5,36.5,129,33,125.5,193,5.5,8.25,9.5,14,10.57,3.19
"208",207,"Kevin Jones",2012,NA,78.25,79.5,85.5,105,32.5,137.5,27.5,132.5,251,11.2,9,7.75,17,11.94,3.6
"209",208,"Scott Machado",2012,NA,73,74,76,94.5,32.5,127,27,121.5,206,5.8,8.5,9.5,17,11.26,3.3
"210",209,"Tony Mitchell (Alabama)",2012,NA,77.25,78.25,82,100,40,140,31.5,131.5,216,5.7,8.5,10,14,11.72,3.47
"211",210,"Tu Holloway",2012,NA,70.5,71.75,77.5,94.5,35,129.5,28,122.5,187,8.5,8.75,10,12,11,3.42
"212",211,"William Buford",2012,NA,76,77,81.5,102,32.5,134.5,27.5,129.5,215,11.3,8.75,10,8,11.4,3.43
"213",212,"C.J. McCollum",2013,10,74.25,75.25,78.25,96.5,38.5,135,32,128.5,197,8.6,8,9.5,13,11.02,3.32
"214",213,"Michael Carter-Williams",2013,11,76.75,77.75,79.25,101,41,142,31.5,132.5,184,4.4,7.5,8.5,8,10.68,3.22
"215",214,"Steven Adams",2013,12,82.75,84,88.5,109.5,33,142.5,28.5,138,255,6.7,9.5,11,16,11.85,3.4
"216",215,"Kelly Olynyk",2013,13,82.75,84,81.75,108,29.5,137.5,24.5,132.5,234,6.7,8.5,10,5,11.42,3.59
"217",216,"Shabazz Muhammad",2013,14,76.75,78.25,83,104.5,37,141.5,29.5,134,222,9,9,10,10,10.99,3.32
"218",217,"Dennis Schroeder",2013,17,73,74,79.75,98,34,132,30,128,165,4.1,8.75,10.5,1,11.09,3.21
"219",218,"Shane Larkin",2013,18,70.25,71.5,70.75,89.5,44,133.5,34.5,124,171,3.8,7.5,8.75,12,10.64,3.08
"220",219,"Victor Oladipo",2013,2,75.25,76.25,81.25,100.5,42,142.5,33,133.5,213,6.6,8.75,9.25,15,10.69,3.25
"221",220,"Tony Snell",2013,20,78,79.25,83.5,105.5,36.5,142,30,135.5,198,4.9,9,9.5,7,10.36,3.25
"222",221,"Gorgui Dieng",2013,21,81.75,82.75,87.5,111.5,NA,NA,NA,NA,230,5.4,9,10,NA,NA,NA
"223",222,"Mason Plumlee",2013,22,83.25,84.5,83,108,36,144,30.5,138.5,238,6.2,9.75,9.5,14,10.89,3.29
"224",223,"Solomon Hill",2013,23,77.5,79,81,103,37.5,140.5,29.5,132.5,226,7.6,9,10.5,14,10.77,3.19
"225",224,"Tim Hardaway Jr",2013,24,76.5,78.25,79,101,37.5,138.5,31.5,132.5,199,6.1,8,9.25,16,10.68,3.25
"226",225,"Reggie Bullock",2013,25,77.75,79,80.75,102,36.5,138.5,31,133,200,7,8.5,9,11,11.33,3.31
"227",226,"Andre Roberson",2013,26,78.25,79,83,104.5,36.5,141,30,134.5,206,7.1,8.75,9.5,10,11.36,3.34
"228",227,"Rudy Gobert",2013,27,84.5,86,92.5,115,29,144,25,140,238,4.4,9.75,10,7,12.85,3.57
"229",228,"Archie Goodwin",2013,29,75.75,77.25,81.5,102,36,138,30,132,189,4.6,8.5,9,1,10.75,3.27
"230",229,"Otto Porter",2013,3,79.5,80.5,85.5,105.5,36,141.5,27,132.5,198,6.7,8.75,9.25,9,11.25,3.4
"231",230,"Allen Crabbe",2013,31,77.25,78.25,83.25,103.5,36,139.5,30.5,134,197,4.7,8.25,8.5,10,10.67,3.32
"232",231,"Carrick Felix",2013,33,76.75,78.25,81.25,103.5,38.5,142,32,135.5,203,3.3,8.5,9.5,15,11.16,3.25
"233",232,"Isaiah Canaan",2013,34,71,72,76.5,94.5,40.5,135,33,127.5,188,5.9,8.25,9.5,16,10.98,3.22
"234",233,"Glen Rice",2013,35,76.5,77.75,81.25,101.5,40.5,142,33,134.5,211,8.5,8.5,9,10,10.99,3.25
"235",234,"Ray McCallum",2013,36,72.25,73.75,75.25,96.5,40,136.5,30.5,127,191,7.3,8,8.75,5,10.82,3.25
"236",235,"Tony Mitchell",2013,37,79.5,80.75,86.5,106.5,38,144.5,33.5,140,236,5.6,9,10,13,11.82,3.52
"237",236,"Nate Wolters",2013,38,75.5,76.75,75.75,98,NA,NA,NA,NA,196,5.5,8.25,8.75,8,NA,NA
"238",237,"Jeff Withey",2013,39,82.75,84.5,86,110.5,29,139.5,26.5,137,222,8.7,9,9.75,10,12.49,3.47
"239",238,"Cody Zeller",2013,4,82.75,84.25,82.75,106,37.5,143.5,35.5,141.5,230,4.8,8.5,10.5,17,10.82,3.15
"240",239,"Grant Jerrett",2013,40,80.75,82.25,86,109,34,143,28.5,137.5,232,10.1,8.5,9.25,2,11.85,3.51
"241",240,"Jamaal Franklin",2013,41,76,77.25,83.25,103.5,NA,NA,NA,NA,191,8.3,8.5,8.25,NA,NA,NA
"242",241,"Pierre Jackson",2013,42,69.5,70.5,70,90,NA,NA,NA,NA,176,4.5,7.5,8.25,NA,NA,NA
"243",242,"Ricky Ledo",2013,43,76.75,78,79.25,102.5,33.5,136,27,129.5,197,10.3,8.5,9.25,4,10.72,3.32
"244",243,"Mike Muscala",2013,44,82.25,83.5,85,108,33.5,141.5,28,136,230,6.8,8.5,9,5,11.76,3.44
"245",244,"Erick Green",2013,46,73.5,75,77.75,98,NA,NA,NA,NA,178,4.4,8.5,9,5,NA,NA
"246",245,"Ryan Kelly",2013,48,81.75,83.75,83.5,110,NA,NA,NA,NA,228,14.8,9,10,NA,NA,NA
"247",246,"Erik Murphy",2013,49,80.75,81.5,82.5,108,29.5,137.5,24.5,132.5,240,8,8.75,9.75,13,12.19,3.57
"248",247,"James Ennis",2013,50,77.75,79,83.5,104.5,36.5,141,29.5,134,201,4.5,8.5,8.75,7,11.55,3.4
"249",248,"Lorenzo Brown",2013,52,76,77.25,79,100,34,134,28,128,189,4,8.25,8.5,8,11.78,3.4
"250",249,"Colton Iverson",2013,53,82.5,84,86,110,NA,NA,NA,NA,263,9.6,9.25,9.5,12,NA,NA
"251",250,"Peyton Siva",2013,56,71.5,73,75,93,41.5,134.5,33.5,126.5,181,6.1,8,9.75,15,10.59,3.16
"252",251,"Deshaun Thomas",2013,58,77,79,82,104,32,136,28.5,132.5,220,9.1,8,8.75,5,12.94,3.53
"253",252,"Nerlens Noel",2013,6,82,83.75,87.75,110,NA,NA,NA,NA,206,4.2,9.5,10,NA,NA,NA
"254",253,"Ben McLemore",2013,7,75.5,76.75,79.75,100.5,42,142.5,32.5,133,189,5,8.75,9.5,6,11.87,3.27
"255",254,"Kentavious Caldwell-Pope",2013,8,76.5,77.5,80,100.5,34.5,135,29,129.5,204,6.5,8.5,9,7,10.6,3.12
"256",255,"Trey Burke",2013,9,71.75,73.25,77.5,97.5,36.5,134,29.5,127,187,6.9,8.25,8.75,3,11.2,3.16
"257",256,"Adonis Thomas",2013,NA,76.75,77.75,85,99,40.5,139.5,34.5,133.5,232,7.5,9.25,9.5,13,11.66,3.32
"258",257,"B.J. Young",2013,NA,74.25,75.5,80.25,99,NA,NA,NA,NA,179,4.7,8.5,9.5,NA,NA,NA
"259",258,"Brandon Davies",2013,NA,80.5,82.25,85.5,108.5,31.5,140,26,134.5,242,8.6,9,11,7,11.22,3.5
"260",259,"Brandon Paul",2013,NA,74.75,76,82.25,98,39.5,137.5,33.5,131.5,201,5.3,8.5,9.5,15,11.16,3.37
"261",260,"C.J. Leslie",2013,NA,79.5,80.75,86.25,104.5,40.5,145,32.5,137,209,8,8.75,9,NA,10.19,3.1
"262",261,"DeWayne Dedmon",2013,NA,82,83.5,88,109,32.5,141.5,28,137,239,8.4,9,11,8,12.75,3.4
"263",262,"Jackie Carmichael",2013,NA,79.5,81,85.5,107,32,139,30,137,241,5.8,9,10.25,13,11.83,3.35
"264",263,"James Southerland",2013,NA,79,80,85,106,32,138,29,135,221,8.1,8,9.5,5,10.9,3.38
"265",264,"Kenny Kadji",2013,NA,80.75,82,87,106.5,38,144.5,34,140.5,242,7.5,9,10.25,9,11.47,3.44
"266",265,"Myck Kabongo",2013,NA,73.25,74.75,78.25,98,33.5,131.5,27.5,125.5,180,6,8.25,9,2,10.64,3.34
"267",266,"Norvel Pelle",2013,NA,81.5,82.5,86.5,109,34.5,143.5,31,140,207,5.2,8.75,9.5,NA,11.49,3.32
"268",267,"Phil Pressey",2013,NA,69.5,71.5,74.25,92,38.5,130.5,33,125,177,4.7,7.75,9.75,7,10.86,3.13
"269",268,"Richard Howell",2013,NA,78.25,79.5,82.25,105.5,NA,NA,NA,NA,250,8.8,8.75,9.5,NA,NA,NA
"270",269,"Robert Covington",2013,NA,78.25,79.5,85.75,106,36,142,29.5,135.5,209,4.7,9,8.5,9,11.69,3.34
"271",270,"Seth Curry",2013,NA,73,75,76,97.5,NA,NA,NA,NA,179,9.6,8,8.25,NA,NA,NA
"272",271,"Trevor Mbakwe",2013,NA,78.75,80,88,106.5,36.5,143,30,136.5,236,5.9,9.5,11.5,21,12.01,3.32
"273",272,"Vander Blue",2013,NA,75.5,77.25,78,100.5,37.5,138,28,128.5,197,4.6,8.5,9.5,4,10.4,3.14
"274",273,"Will Clyburn",2013,NA,77.75,79,84.25,105,34.5,139.5,28,133,210,6.9,9.25,10.25,3,11.68,3.38
"275",274,"Elfrid Payton",2014,10,74.5,75.75,80,98.5,35.5,134,31.5,130,185,5.7,8.75,9,NA,11.06,3.23
"276",275,"Doug McDermott",2014,11,78.25,79.75,81.25,103,36.5,139.5,28.5,131.5,218,7.1,8.75,9.75,NA,11.1,3.29
"277",276,"Zach LaVine",2014,13,76.5,77.75,80.25,100,41.5,141.5,33.5,133.5,181,4.7,8.25,8.75,NA,10.42,3.19
"278",277,"T.J. Warren",2014,14,79,80.25,82.25,104,35.5,139.5,27,131,220,8,8.75,9,NA,11.1,3.26
"279",278,"Adreian Payne",2014,15,81,81.75,88,109,NA,NA,NA,NA,239,7.6,9.25,9.5,NA,NA,NA
"280",279,"James Young",2014,17,77.25,78.75,84,104,35.5,139.5,28,132,213,5.1,9,9.5,NA,NA,NA
"281",280,"Tyler Ennis",2014,18,73,74.5,79.25,98,36,134,29,127,182,6.2,8.25,8.75,NA,11.12,3.3
"282",281,"Gary Harris",2014,19,74.5,76.5,78.75,96,NA,NA,NA,NA,205,4.6,8.5,9.5,NA,NA,NA
"283",282,"Jordan Adams",2014,22,75.5,76.75,82,102,29.5,131.5,24.5,126.5,209,10.8,8.5,7.5,NA,12.13,3.5
"284",283,"Rodney Hood",2014,23,79.25,80.5,80.5,103,36,139,29,132,208,7.5,8.5,8.5,NA,11.21,3.38
"285",284,"Shabazz Napier",2014,24,71,73,75.25,93,37.5,130.5,30.5,123.5,175,7.4,8.25,8.5,NA,11.6,3.2
"286",285,"P.J. Hairston",2014,26,76.25,77.25,81,101,37,138,32,133,229,8.2,8.75,9.75,NA,11.12,3.32
"287",286,"C.J. Wilcox",2014,28,75.5,77,81.75,100.5,37.5,138,31,131.5,201,6.5,8.75,9,NA,11.3,3.22
"288",287,"Kyle Anderson",2014,30,79.5,80.5,86.75,107.5,NA,NA,NA,NA,230,13.4,8.25,8.75,NA,NA,NA
"289",288,"K.J. McDaniels",2014,32,76.5,78,83.25,102,37,139,33,135,196,4.5,8.75,9.75,NA,12.71,3.1
"290",289,"Joe Harris",2014,33,76.75,78.25,78,100,33.5,133.5,28.5,128.5,215,6.2,8.5,9.75,NA,11.11,3.31
"291",290,"Cleanthony Early",2014,34,78,79.25,82.75,101.5,40,141.5,34,135.5,209,4.5,8.5,9,NA,11.15,3.18
"292",291,"Jarnell Stokes",2014,35,79,80.5,85.25,103.5,36,139.5,31,134.5,263,8.2,9.75,10.5,NA,11.92,3.26
"293",292,"Johnny O'Bryant",2014,36,79.25,80.5,86.25,105,35.5,140.5,31,136,257,10.8,9.25,9.5,NA,11.57,3.45
"294",293,"DeAndre Daniels",2014,37,79.25,80.5,86,106.5,32,138.5,26.5,133,196,3.9,9.25,10.5,NA,11.46,3.44
"295",294,"Spencer Dinwiddie",2014,38,76.5,78,80.25,103,NA,NA,NA,NA,205,5.4,8.25,9,NA,NA,NA
"296",295,"Jerami Grant",2014,39,78.5,79.75,86.75,107,NA,NA,NA,NA,214,3.8,9.25,9.25,NA,NA,NA
"297",296,"Aaron Gordon",2014,4,79.5,80.75,83.75,105,39,144,32.5,137.5,220,5.1,8.75,10.5,NA,10.81,3.27
"298",297,"Glenn Robinson",2014,40,77.5,78.75,82,100.5,41.5,142,36.5,137,211,5.1,9,9.5,NA,11.22,3.15
"299",298,"Nick Johnson",2014,42,73.5,75,79.25,96.5,41.5,138,33.5,130,198,6.1,8.75,9.75,NA,10.8,3.27
"300",299,"Markel Brown",2014,44,74.5,75.5,80.75,100,43.5,143.5,36.5,136.5,184,4.2,8.25,9.75,NA,12.62,3.18
"301",300,"Dwight Powell",2014,45,81.5,83,84.5,105,35,140,28.5,133.5,234,6.2,9,9.25,NA,11.28,3.2
"302",301,"Jordan Clarkson",2014,46,75.25,77,80,98,38.5,136.5,33,131,186,4.3,8.25,9,NA,10.76,3.28
"303",302,"Russ Smith",2014,47,71.5,72.75,75.5,95,34,129,29.5,124.5,160,3.5,8.25,8.5,NA,11.57,3.27
"304",303,"Lamar Patterson",2014,48,76,77.25,83,101,32.5,133.5,27.5,128.5,226,10.8,9,9.25,NA,11.63,3.45
"305",304,"Cameron Bairstow",2014,49,80.75,81.75,84.75,107,33.5,140.5,31,138,252,8.7,8.75,9,NA,11.39,3.37
"306",305,"Dante Exum",2014,5,76.5,78,81.5,103,34.5,137.5,31.5,134.5,196,6.4,8.5,9.5,NA,10.75,3.19
"307",306,"Alec Brown",2014,50,84.25,85.25,85.5,109,30,139,27,136,231,7.7,9.25,8.75,NA,12.05,3.48
"308",307,"Thanasis Antetokounmpo",2014,51,77.25,78.25,84,104.5,39.5,144,31.5,136,205,6.1,9,9.75,NA,11.39,3.18
"309",308,"Semaj Christon",2014,55,73.5,75.25,78.5,99,36.5,135.5,30.5,129.5,186,5.3,8.5,8.25,NA,11.55,3.32
"310",309,"Devyn Marble",2014,56,77,78.5,81,102,35,137,29,131,192,6.9,8.25,8.5,NA,11.32,3.28
"311",310,"Jordan McRae",2014,58,75.75,77.25,84.5,104,34.5,138.5,27.5,131.5,179,5.2,8.75,8.5,NA,11.07,3.39
"312",311,"Xavier Thames",2014,59,74.25,75.5,76,96,32.5,128.5,29,125,187,6.4,8.25,9,NA,11.48,3.48
"313",312,"Marcus Smart",2014,6,74,75.25,81.25,99,36,135,33,132,227,10.6,9,8.75,NA,10.82,3.26
"314",313,"Cory Jefferson",2014,60,79.75,81,84.5,105,37.5,142.5,33,138,218,5.3,8.75,9.75,NA,12.63,3.36
"315",314,"Julius Randle",2014,7,79.75,81,84,105.5,35.5,141,29,134.5,250,9.4,8.75,8.25,NA,11.45,3.27
"316",315,"Nik Stauskas",2014,8,77.25,78.5,79.75,102,35.5,137.5,29,131,207,12.1,8.5,8.5,NA,10.79,3.27
"317",316,"Noah Vonleh",2014,9,80,81.5,88.25,108,37,145,31,139,247,7.3,9.75,11.75,NA,11.45,3.28
"318",317,"Aaron Craft",2014,NA,72.75,73.75,74,94.5,32,126.5,29,123.5,192,6.1,7.75,8.5,NA,10.78,3.26
"319",318,"Alex Kirk",2014,NA,81.25,82.75,87.5,109.5,31.5,141,28.5,138,252,13.6,9.25,10.5,NA,11.2,3.48
"320",319,"C.J. Fair",2014,NA,78.5,80,81.5,104,35,139,27,131,218,5.1,9,9,NA,11,3.32
"321",320,"DeAndre Kane",2014,NA,74.75,76.5,80,99,35.5,134.5,31.5,130.5,200,5,8.25,9,NA,10.95,3.16
"322",321,"Deonte Burton",2014,NA,72,73.25,79,97.5,39.5,137,29,126.5,193,7.7,8.25,8,NA,11.28,3.28
"323",322,"Isaiah Austin",2014,NA,83.5,84.5,88.5,112.5,29.5,142,26.5,139,220,7.5,8.75,8.75,NA,11,3.55
"324",323,"Jabari Brown",2014,NA,75,76.25,80.25,100,32,132,28,128,202,6.1,9,9.25,NA,11.6,3.5
"325",324,"Jahii Carson",2014,NA,69.75,71,74,93,43.5,136.5,33.5,126.5,180,6.5,7.5,8.75,NA,11.26,3.24
"326",325,"James McAdoo",2014,NA,79.5,80.75,86.25,106.5,34,140.5,29.5,136,228,6.2,9.25,9,NA,11.61,3.28
"327",326,"Jordan Bachynski",2014,NA,85.25,86,88,108.5,33,141.5,29,137.5,254,7.5,9.25,10,NA,12.15,3.36
"328",327,"Kendall Williams",2014,NA,74.25,75.75,77.5,99,33,132,27,126,183,7.2,8,7.75,NA,10.83,NA
"329",328,"Khem Birch",2014,NA,79.5,81.25,85,107,35.5,142.5,30.5,137.5,209,6,9,8.5,NA,11.6,3.26
"330",329,"LaQuinton Ross",2014,NA,78.5,79.5,85.75,106,31,137,25,131,239,16.3,8.75,9.75,NA,11.97,3.44
"331",330,"Melvin Ejim",2014,NA,77.25,79,83.25,103.5,35,138.5,29.5,133,219,6.5,8.75,9.25,NA,11.55,3.14
"332",331,"Patric Young",2014,NA,80.5,82,85.75,103.5,37.5,141,32,135.5,247,5.5,9.25,9.5,NA,11.18,3.43
"333",332,"Sean Kilpatrick",2014,NA,74.5,76.25,79,99,NA,NA,NA,NA,219,9.2,9,9,NA,NA,NA
"334",333,"Justise Winslow",2015,10,76.5,78.5,82.25,104.5,NA,NA,NA,NA,222,5.3,8.5,9.25,NA,NA,NA
"335",334,"Myles Turner",2015,11,81.75,83.5,88,112,NA,NA,NA,NA,239,9.3,9.25,9.25,NA,NA,NA
"336",335,"Trey Lyles",2015,12,81,82.25,85.5,108,NA,NA,NA,NA,241,12.1,9.25,10.25,NA,NA,NA
"337",336,"Devin Booker",2015,13,76.5,77.75,80.25,102.5,34.5,137,27.5,130,206,8.3,8.75,9,8,10.22,3.28
"338",337,"Cameron Payne",2015,14,72.75,73.5,79.25,97.5,35.5,133,30,127.5,183,6.3,8.5,8.25,NA,10.89,3.28
"339",338,"Kelly Oubre",2015,15,77.75,78.75,86.25,102.5,37,139.5,34.5,137,203,5.7,9,8.75,7,11.1,3.32
"340",339,"Terry Rozier",2015,16,72.75,74.25,80.25,98.5,38,136.5,33,131.5,190,5.6,8.25,8.75,7,10.88,3.15
"341",340,"Rashad Vaughn",2015,17,75.75,77,79,101,34,135,28,129,199,6.2,8,8.5,5,11.41,3.21
"342",341,"Sam Dekker",2015,18,79.75,81,83.5,106,34.5,140.5,25.5,131.5,219,7.5,8.5,9.25,5,10.71,3.28
"343",342,"Jerian Grant",2015,19,75.25,76.25,79.5,100,NA,NA,NA,NA,198,5.6,8.25,8.5,NA,NA,NA
"344",343,"D'Angelo Russell",2015,2,75.25,77,81.75,102,NA,NA,NA,NA,193,8.3,8.75,9.75,NA,NA,NA
"345",344,"Delon Wright",2015,20,76.25,77.5,79.5,101.5,31,132.5,29.5,131,181,6.6,8,8.5,4,11.21,3.29
"346",345,"Justin Anderson",2015,21,77.25,78.25,83.75,101,43,144,38,139,231,5,8.5,9.5,12,11.1,3.22
"347",346,"Bobby Portis",2015,22,81.5,82.5,86,108.5,31.5,140,25,133.5,246,8.9,9.5,9.25,5,11.71,3.56
"348",347,"Rondae Hollis-Jefferson",2015,23,77.5,79,86,104,38,142,32,136,211,5,8.75,9.75,13,10.51,3.12
"349",348,"Tyus Jones",2015,24,72.25,74,77,97,32.5,129.5,26.5,123.5,185,6.5,8.25,8.75,2,11.89,3.32
"350",349,"Jarell Martin",2015,25,80,81.25,81.75,106.5,34.5,141,28.5,135,239,10.1,8.25,NA,19,11.12,3.27
"351",350,"Larry Nance",2015,27,79.5,80.5,85.5,108,37.5,145.5,29,137,227,6.4,9,9.75,10,10.89,3.25
"352",351,"R.J. Hunter",2015,28,76.5,78,82.5,104,33.5,137.5,27.5,131.5,185,6,8.5,8.25,1,10.97,3.26
"353",352,"Chris McCullough",2015,29,80.25,81,87.25,109,NA,NA,NA,NA,199,6.2,8.75,8.75,NA,NA,NA
"354",353,"Kevon Looney",2015,30,80,81.25,87.5,110,NA,NA,NA,NA,222,11.9,9.5,9.25,NA,NA,NA
"355",354,"Montrezl Harrell",2015,32,79,79.5,88.25,109,NA,NA,NA,NA,253,11.9,9,9.75,NA,NA,NA
"356",355,"Jordan Mickey",2015,33,79,80.25,87.25,106,37.5,143.5,33,139,238,7.2,8.75,9.5,9,11.8,3.28
"357",356,"Anthony Brown",2015,34,77.25,80.5,83.25,104.5,34.5,139,27.5,132,211,6.1,8.5,9,4,11.06,3.18
"358",357,"Rakeem Christmas",2015,36,80.25,81.75,89.25,110.5,NA,NA,29,139.5,243,9.6,9.25,NA,9,11.57,3.47
"359",358,"Richaun Holmes",2015,37,80.25,81.5,85.5,108,36,144,32.5,140.5,243,8.8,8.5,8.5,15,11.37,3.32
"360",359,"Pat Connaughton",2015,41,76,77.25,80.75,96,44,140,37.5,133.5,215,10.2,8.5,9.25,13,10.74,3.2
"361",360,"Olivier Hanlan",2015,42,75.25,76.25,78.5,100,34,134,28,128,186,4.3,8,8.75,19,11.36,3.25
"362",361,"Joseph Young",2015,43,72.75,74,77,94.5,40.5,135,34.5,129,182,4.1,8.25,7.5,9,10.74,3.25
"363",362,"Andrew Harrison",2015,44,76.5,77.5,81,100,33,133,26.5,126.5,213,5.9,8.25,9.25,NA,11.16,3.34
"364",363,"Marcus Thornton",2015,45,73.75,74.75,79.75,97.5,43,140.5,34.5,132,177,5.3,8.25,8.5,3,10.96,3.02
"365",364,"Norman Powell",2015,46,75,76.25,82.75,102.5,40.5,143,32.5,135,215,6.4,9.25,9,5,10.76,3.2
"366",365,"Dakari Johnson",2015,48,83,83.75,86,112,25,137,22.5,134.5,265,14.9,9.25,10.5,4,11.5,3.62
"367",366,"Aaron White",2015,49,79.75,80.75,83.5,106.5,35,141.5,30,136.5,220,8,8.25,9.25,7,11.62,3.38
"368",367,"Tyler Harvey",2015,51,74.75,76,77.5,98.5,28.5,127,26,124.5,181,9.2,7.75,8.75,1,10.52,3.44
"369",368,"Branden Dawson",2015,56,77.5,78.75,83,105,34.5,139.5,28.5,133.5,230,5.8,9,8.75,12,12.37,3.2
"370",369,"J.P. Tokoto",2015,58,77.25,78.25,82,100.5,40,140.5,34.5,135,196,4.1,8,8.75,12,11.01,3.27
"371",370,"Willie Cauley-Stein",2015,6,83.25,84.5,87,111,NA,NA,NA,NA,242,6.3,9.5,9,NA,NA,NA
"372",371,"Stanley Johnson",2015,8,77,78.5,83.5,102,NA,NA,NA,NA,242,7.5,9,9,NA,NA,NA
"373",372,"Frank Kaminsky",2015,9,83.75,84.75,83,109.5,NA,NA,NA,NA,231,9.4,8.5,9.5,NA,NA,NA
"374",373,"Aaron Harrison",2015,NA,76.5,78,80.25,100.5,34.5,135,28.5,129,209,6,8.3,10,1,NA,3.27
"375",374,"Alan Williams",2015,NA,79.25,80.25,85.75,106.5,28.5,135,25.5,132,261,12,8.5,9.5,8,12.07,3.5
"376",375,"Brandon Ashley",2015,NA,79.25,80.5,87.25,105,35.5,140.5,31.5,136.5,228,8.8,9,9.5,9,11.3,3.58
"377",376,"Chasson Randle",2015,NA,72.75,73.5,79,96.5,39.5,136,33.5,130,179,4.5,8.5,9.5,6,10.61,3.2
"378",377,"Chris Walker",2015,NA,80.75,81.25,86.75,108,37,145,30.5,138.5,208,5.1,9,9,6,11.32,3.35
"379",378,"Christian Wood",2015,NA,81.25,82.5,87.25,111.5,NA,NA,NA,NA,216,14.7,9.25,10.75,NA,NA,NA
"380",379,"Cliff Alexander",2015,NA,79.25,80.5,87.5,109.5,NA,NA,NA,NA,239,5.8,9.5,10.25,NA,NA,NA
"381",380,"Corey Hawkins",2015,NA,72.75,73.75,80,99.5,34,133.5,28.5,128,192,5.5,8.3,9,9,10.97,3.51
"382",381,"Dez Wells",2015,NA,75,76,81.5,100.5,39,139.5,31.5,132,209,8.1,8.75,9.75,15,10.75,3.2
"383",382,"George De Paula",2015,NA,76.5,77.5,84,104,34,138,28,132,197,6.7,9.5,10,6,11.38,3.45
"384",383,"Jonathan Holmes",2015,NA,80.25,81.25,83.5,107.5,31,138.5,25.5,133,242,7.2,8.25,9.5,NA,10.97,3.51
"385",384,"Keifer Sykes",2015,NA,70.5,71.75,74,93,43,136,34,127,167,5,8.5,9.5,8,10.5,3.13
"386",385,"Michael Frazier",2015,NA,75.75,76.25,80,101.5,35,136.5,24,125.5,199,7.4,8.25,9.25,10,10.8,3.32
"387",386,"Michael Qualls",2015,NA,76,77,84.25,104.5,39.5,144,34,138.5,201,4,9,10.25,9,11.88,NA
"388",387,"Mouhammadou Jaiteh",2015,NA,81.5,82.5,87.25,110.5,31.5,142,24.5,135,247,9.9,9,9.25,7,12.05,3.38
"389",388,"Quinn Cook",2015,NA,72.25,74,76,96.5,31,127.5,24.5,121,179,6.7,7.5,8.25,14,11.28,3.38
"390",389,"Robert Upshaw",2015,NA,82.75,84,89.5,113,NA,NA,NA,NA,258,12.5,10,11,NA,NA,NA
"391",390,"Ryan Boatright",2015,NA,70,71,72.5,92.5,41,133.5,32,124.5,170,6.6,7.5,8.75,10,10.79,3.26
"392",391,"T.J. McConnell",2015,NA,72.5,74,74,96.5,31.5,128,26,122.5,188,7.3,7.5,7,7,10.84,3.3
"393",392,"TaShawn Thomas",2015,NA,79.25,80,86,108,30.5,138.5,26,134,240,12.4,9,9.25,9,11.69,3.47
"394",393,"Terran Petteway",2015,NA,76.75,78,83.25,104.5,31,135.5,25,129.5,209,4.9,8.25,8.25,15,10.96,3.32
"395",394,"Treveon Graham",2015,NA,76.75,77.75,82.5,103,31.5,134.5,28.5,131.5,219,5.5,8.5,8.25,11,11.6,3.3
"396",395,"Vince Hunter",2015,NA,78.75,79.5,83,104.5,37.5,142,33.5,138,208,4.6,9,8.75,13,11.33,3.26
"397",396,"Thon Maker",2016,10,83.75,84.75,87,110.5,36.5,147,32,142.5,216,6.1,8.75,9.5,NA,11.15,3.33
"398",397,"Taurean Prince",2016,12,78.5,79.75,83.5,102,36,138,34,136,220,6.5,9,8.5,NA,10.96,3.24
"399",398,"Denzel Valentine",2016,14,76,77.75,82.75,102,32,134,27,129,210,9.2,8.5,9.75,NA,10.51,3.46
"400",399,"Justin Jackson",2016,15,79,80.25,82.75,103.5,34.5,138,29.5,133,193,7.6,8.75,8.75,NA,11.32,3.26
"401",400,"Wade Baldwin",2016,17,74.5,76,83.25,100,38,138,32.5,132.5,202,5.2,9,9.75,NA,10.45,3.19
"402",401,"Henry Ellenson",2016,18,82,83.5,86.25,108,NA,NA,NA,NA,242,11.2,8.5,9.75,NA,NA,NA
"403",402,"Malik Beasley",2016,19,75.5,76.5,79,100.5,NA,NA,NA,NA,190,6.9,8.5,9,NA,NA,NA
"404",403,"Caris LeVert",2016,20,77.75,79,82,101,NA,NA,NA,NA,191,7.6,8.5,9.25,NA,NA,NA
"405",404,"DeAndre Bembry",2016,21,76.25,77.75,81.25,101,38,139,32,133,207,7,8,9.25,NA,10.9,3.17
"406",405,"Malachi Richardson",2016,22,76.75,78.25,84,101.5,38,139.5,33,134.5,200,7,8.75,10,NA,10.56,3.33
"407",406,"Brice Johnson",2016,25,81,82.5,84.5,106.5,38,144.5,33.5,140,209,7.5,9,8.25,NA,11.88,3.2
"408",407,"Caleb Swanigan",2016,26,79.5,80.5,87.5,107,29,136,26,133,247,12.6,9,10.25,NA,12.8,NA
"409",408,"Pascal Siakam",2016,27,80.25,81.5,87.25,107.5,36.5,144,30.5,138,227,5.2,9.25,10,NA,11.25,3.41
"410",409,"Skal Labissiere",2016,28,82.5,83.75,86.5,105.5,NA,NA,NA,NA,216,5.7,8.75,9,NA,NA,NA
"411",410,"Jaylen Brown",2016,3,77.25,78.75,83.75,102.5,NA,NA,NA,NA,223,5.1,8.75,9,NA,NA,NA
"412",411,"Damian Jones",2016,30,82.25,83.5,87.75,107,37,144,36,143,244,6.6,8.75,10.5,NA,11.35,3.2
"413",412,"Josh Hart",2016,30,76,77.5,80.5,99.5,38.5,138,29.5,129,204,5.8,8.5,9.25,NA,11.15,3.2
"414",413,"Deyonta Davis",2016,31,81.25,82.5,86.5,108.5,NA,NA,NA,NA,237,9.7,9,9.25,NA,NA,NA
"415",414,"Cheick Diallo",2016,33,79.5,81,88.5,107.5,35,142.5,31,138.5,219,5.6,8.5,9.75,NA,11.24,3.26
"416",415,"Tyler Ulis",2016,34,68.75,70,74,88.5,38,126.5,32.5,121,149,5.2,7.5,7.5,NA,10.8,3.2
"417",416,"Malcolm Brogdon",2016,36,75.75,77.5,82.5,98,35.5,133.5,30.5,128.5,223,5.4,9,10.25,NA,10.77,3.31
"418",417,"Chinanu Onuaku",2016,37,81,82,86.75,108.5,33.5,142,27.5,136,245,8.6,9,8,NA,11.65,3.5
"419",418,"Patrick McCaw",2016,38,77.25,78.75,82,100.5,38,138.5,30,130.5,181,4.7,8.75,8.75,NA,11.01,3.3
"420",419,"Diamond Stone",2016,40,81,82.25,86.75,108.5,29.5,138,27,135.5,254,12.9,8.5,7.75,NA,12.02,3.5
"421",420,"Stephen Zimmerman",2016,41,82.25,83.75,87.25,108.5,31,139.5,26,134.5,234,11.2,9,9,NA,12.08,3.43
"422",421,"Isaiah Whitehead",2016,42,75.25,76.5,80.75,100,35.5,135.5,27.5,127.5,210,9.3,8.5,8.75,NA,11.65,3.34
"423",422,"Zhou Qi",2016,43,85.25,86.25,91.75,112.5,32,144.5,31.5,144,218,4.9,9.25,9.5,NA,11.27,3.46
"424",423,"Demetrius Jackson",2016,45,72,73.25,77.5,93,43.5,136.5,37.5,130.5,194,6.5,8.25,9,NA,10.81,3.25
"425",424,"Jake Layman",2016,47,80,81.25,81.25,102,39.5,141.5,33,135,209,7.1,8.25,9.25,NA,11.35,3.24
"426",425,"Michael Gbinije",2016,49,77.5,78.75,79.5,101,37.5,138.5,33.5,134.5,205,5.4,8,9,NA,11,3.12
"427",426,"Kris Dunn",2016,5,75,76.25,81.5,100,NA,NA,NA,NA,NA,NA,NA,NA,NA,NA,NA
"428",427,"Georges Niang",2016,50,78.75,80.5,82,103,31,134,25,128,231,10.1,9.25,9.25,NA,11.64,3.49
"429",428,"Ben Bentil",2016,51,79.25,80.25,85.5,105,33,138,29,134,229,9.7,9.5,10,NA,11.16,3.3
"430",429,"Joel Bolomboy",2016,52,79.5,81,85.75,103.5,40.5,144,37.5,141,224,5.2,9,10.25,NA,10.26,3.17
"431",430,"Kay Felder",2016,54,68.25,69.5,74.5,88.5,44,132.5,35.5,124,177,5.8,8.25,8.5,NA,11.52,3.15
"432",431,"Marcus Paige",2016,55,72.5,73.75,78.25,97,39.5,136.5,33.5,130.5,164,4.3,7.75,8.75,NA,10.82,3.15
"433",432,"Daniel Hamilton",2016,56,78.25,80,81,103.5,29,132.5,26,129.5,197,6,9,8.5,NA,11.48,3.4
"434",433,"Isaiah Cousins",2016,59,75.25,76.5,78.25,98.5,37,135.5,30.5,129,194,4.8,8.25,8.75,NA,10.79,3.24
"435",434,"Jaron Blossomgame",2016,59,78.25,79.25,82,102,41,143,35,137,214,5.3,8.5,10,NA,11.53,3.2
"436",435,"Buddy Hield",2016,6,75.75,77,81.25,101,NA,NA,NA,NA,212,6.1,8.5,9,NA,NA,NA
"437",436,"Marquese Chriss",2016,8,80.75,82,84.25,105,38.5,143.5,32.5,137.5,233,8.5,9,9,NA,11.93,3.26
"438",437,"Jakob Poeltl",2016,9,84.25,85,86.75,111.5,NA,NA,NA,NA,239,5.8,9.25,10.25,NA,NA,NA
"439",438,"A.J. English",2016,NA,74,75,82,98.5,35.5,134,29.5,128,182,5.3,8.75,8.5,NA,12.27,3.28
"440",439,"Cat Barber",2016,NA,73.5,74.75,77.5,95.5,NA,NA,NA,NA,173,4.5,8,8.5,NA,NA,NA
"441",440,"Dedric Lawson",2016,NA,79,80,86.5,106.5,28,134.5,22.5,129,225,11.1,9.5,9.5,NA,12.48,3.65
"442",441,"Dorian Finney-Smith",2016,NA,78.5,79.75,83.75,105.5,35.5,141,32.5,138,213,6.5,9,9.75,NA,11.01,3.27
"443",442,"Elgin Cook",2016,NA,77,78.25,82,100.5,NA,NA,NA,NA,210,6.4,8.5,10.25,NA,NA,NA
"444",443,"Gary Payton II",2016,NA,74,75,80,99.5,38.5,138,31.5,131,184,4,8.75,9.5,NA,11.57,3.23
"445",444,"Isaiah Miles",2016,NA,78.75,79.75,82.5,105,31.5,136.5,24,129,220,9.6,9,9.5,NA,11.76,3.39
"446",445,"Jarrod Uthoff",2016,NA,80.5,81.75,83.5,104,34.5,138.5,29,133,214,6,8.75,9,NA,11.52,3.5
"447",446,"Kyle Wiltjer",2016,NA,80.75,82,84.25,102.5,35.5,138,28.5,131,243,15.3,8.25,9.5,NA,11.35,3.48
"448",447,"Malik Newman",2016,NA,74.25,75.5,77.75,97.5,35.5,133,30,127.5,182,5.6,8.25,9.25,NA,10.88,3.28
"449",448,"Marcus Lee",2016,NA,81,82.25,87,107.5,35.5,143,28.5,136,211,5.4,9,9,NA,11.68,3.25
"450",449,"Melo Trimble",2016,NA,73.25,74.5,74,92.5,35.5,128,26.5,119,192,8.4,8,8.75,NA,10.57,3.2
"451",450,"Nigel Hayes",2016,NA,78.25,79.25,87,107.5,28.5,136,25.5,133,245,10.9,8.5,9.5,NA,12.11,3.2
"452",451,"Perry Ellis",2016,NA,79,80.25,82.25,102,38,140,32,134,218,4.6,8,8.5,NA,10.73,3.13
"453",452,"Robert Carter",2016,NA,78.75,80.5,87.25,106.5,30.5,137,24.5,131,251,12.5,8.75,9.5,NA,11.97,3.65
"454",453,"Ron Baker",2016,NA,75.25,76.25,81.75,97.5,35.5,133,30,127.5,212,7.9,8.75,9.5,NA,10.77,3.45
"455",454,"Sheldon McClellan",2016,NA,77,78.25,79,99.5,41.5,141,35,134.5,198,4.8,8,8,NA,10.45,3.26
"456",455,"Troy Williams",2016,NA,77.75,78.75,80.25,102,36,138,30,132,218,10,8.25,9.25,NA,10.72,3.35
"457",456,"Wayne Selden",2016,NA,76.25,77.75,82.5,101,NA,NA,NA,NA,232,7.3,9,9.25,NA,NA,NA
"458",457,"Zach Collins",2017,10,82.25,84,85,111,NA,NA,NA,NA,232,8.9,8.75,9.25,NA,NA,NA
"459",458,"Luke Kennard",2017,12,76.5,77.5,77.25,98.5,NA,NA,NA,NA,196,6.6,8,8.75,NA,NA,NA
"460",459,"Donovan Mitchell",2017,13,73.25,75,82,97,40.5,137.5,36.5,133.5,211,5.9,8.5,9.5,NA,11.53,3.01
"461",460,"Bam Adebayo",2017,14,80.75,81.75,86.75,108,38.5,146.5,33.5,141.5,243,5.2,9.5,8.75,NA,11.94,3.24
"462",461,"Justin Patton",2017,16,82,83.25,87,111.5,30.5,142,26,137.5,229,7.8,8.75,9.75,NA,11.8,3.46
"463",462,"D.J. Wilson",2017,17,80.75,82.5,87,109.5,NA,NA,NA,NA,234,6.4,9.25,10.25,NA,NA,NA
"464",463,"T.J. Leaf",2017,18,80.75,81.75,83,107,34.5,141.5,29,136,222,6.8,8.5,9.5,NA,11.55,3.27
"465",464,"John Collins",2017,19,80.25,81.5,83.25,106.5,37.5,144,33,139.5,225,5.4,9,10,NA,11.66,3.27
"466",465,"Harry Giles",2017,20,81.25,82.5,87.25,109.5,32.5,142,27,136.5,232,5.2,9.5,10.75,NA,11.08,3.34
"467",466,"Terrance Ferguson",2017,21,77.5,79,80.75,103,38,141,28.5,131.5,184,5.8,8.5,10,NA,11.16,3.32
"468",467,"Jarrett Allen",2017,22,81,82.25,89.25,109.5,35.5,145,31.5,141,234,7.4,9.5,10.5,NA,11.82,3.21
"469",468,"OG Anunoby",2017,23,78.25,79.75,86.25,107.5,NA,NA,NA,NA,232,6.8,9.25,9.5,NA,NA,NA
"470",469,"Tyler Lydon",2017,24,80.25,81.5,84,107.5,33.5,141,29.5,137,215,13.6,8.75,8.75,NA,11.68,3.46
"471",470,"Kyle Kuzma",2017,27,80,81.5,84.25,107.5,34,141.5,27,134.5,223,9.4,8.5,9.5,NA,10.72,3.25
"472",471,"Tony Bradley",2017,28,81.25,82.75,89,112.5,27.5,140,24.5,137,249,12,9.5,9.5,NA,11.79,3.44
"473",472,"Derrick White",2017,29,75.25,76.5,79.5,101.5,36.5,138,35.5,137,190,6.2,8.25,8.5,NA,10.84,3.08
"474",473,"Frank Jackson",2017,31,74,75.5,79.5,98,42,140,35.5,133.5,202,6.7,8.25,9,NA,10.94,3.14
"475",474,"Davon Reed",2017,32,76.5,77.5,84,102,36,138,28.5,130.5,206,6.5,9.25,9.5,NA,11.37,3.34
"476",475,"Wesley Iwundu",2017,33,77.5,78.75,85,105.5,36,141.5,31.5,137,193,4,8.75,9.5,NA,11.25,3.36
"477",476,"Frank Mason",2017,34,71,72,75.25,94,41,135,34,128,189,4.3,8,9.25,NA,11.41,3.18
"478",477,"Ivan Rabb",2017,35,80.75,82,85.5,109,32.5,141.5,28.5,137.5,220,6.8,8.75,9,NA,12.68,3.35
"479",478,"Semi Ojeleye",2017,37,77.25,78.75,81.75,102,40.5,142.5,35,137,241,5.5,8.75,9.5,NA,10.58,3.16
"480",479,"Jordan Bell",2017,38,79,80.5,83.75,104.5,38,142.5,31.5,136,224,5.4,9.25,9.5,NA,10.63,3.21
"481",480,"Jawun Evans",2017,39,70.75,71.5,77.5,95,33.5,128.5,27.5,122.5,185,9.1,8,7.75,NA,11.34,3.21
"482",481,"Dwayne Bacon",2017,40,76.75,78.25,82,103.5,36.5,140,30,133.5,222,7.9,8.75,10,NA,11.7,3.22
"483",482,"Tyler Dorsey",2017,41,75,76.5,77.25,99.5,36,135.5,30.5,130,183,4.7,8.5,9.25,NA,10.55,3.16
"484",483,"Thomas Bryant",2017,42,81.5,82.75,90,112.5,33,145.5,25.5,138,248,9.4,9.5,10.25,NA,11.42,3.37
"485",484,"Damyean Dotson",2017,44,76.5,77.5,81,100,38,138,31.5,131.5,205,5.3,8.5,9.25,NA,11.18,3.13
"486",485,"Dillon Brooks",2017,45,77,78,78,100.5,37.5,138,31,131.5,220,7.5,8.25,9.25,NA,11.14,3.21
"487",486,"Ike Anigbogu",2017,47,80.5,81.75,90.25,110.5,32.5,143,29.5,140,252,5.4,9.5,10,NA,12.52,3.44
"488",487,"Sindarius Thornwell",2017,48,75.5,76.75,82,103,30.5,133.5,27,130,212,7.8,8.75,8.75,NA,11.48,3.36
"489",488,"De'Aaron Fox",2017,5,74,75.25,78.5,100,NA,NA,NA,NA,170,4.5,8.5,8.5,NA,NA,NA
"490",489,"Monte Morris",2017,51,73.25,74.5,76,96.5,33.5,130,28,124.5,175,6.9,8.25,8.75,NA,11,3.19
"491",490,"Edmond Sumner",2017,52,76,77.75,81,102.5,NA,NA,NA,NA,176,8.3,8.25,9,NA,NA,NA
"492",491,"Kadeem Allen",2017,53,73,74.25,81.25,99.5,35.5,135,33,132.5,192,6.4,8.5,8.75,NA,11.24,3.15
"493",492,"Alec Peters",2017,54,79.25,80.75,82.75,105,NA,NA,NA,NA,232,8.8,8.75,10,NA,NA,NA
"494",493,"Nigel Williams-Goss",2017,55,73.5,75,79.25,99,34.5,133.5,27.5,126.5,190,5.6,8.75,9.25,NA,10.42,3.19
"495",494,"Andrew Jones",2017,NA,75,76.25,78.5,99.5,35,134.5,27,126.5,185,4.9,8.5,9,NA,11.38,3.35
"496",495,"Cameron Oliver",2017,NA,79,80.25,85.25,106.5,39.5,146,28,134.5,239,7.7,9.5,10.25,NA,12.17,3.16
"497",496,"Chris Boucher",2017,NA,80,81.5,88,110.5,NA,NA,NA,NA,182,5.4,9.25,10.5,NA,NA,NA
"498",497,"Derrick Walton",2017,NA,71,72.75,74.5,95,32.5,127.5,26,121,189,5.8,8,8.5,NA,11.28,3.29
"499",498,"Devin Robinson",2017,NA,79,80.25,84.75,106,41.5,147.5,35.5,141.5,190,3.2,9.25,10.25,NA,12.85,3.23
"500",499,"Eric Mika",2017,NA,80.5,81.75,82,106.5,32,138.5,29,135.5,233,6.5,8.25,8.75,NA,11.71,3.38
"501",500,"Hamidou Diallo",2017,NA,75.75,77,83.25,101.5,44.5,146,34.5,136,197,5.2,8.5,9.5,NA,10.88,3.11
"502",501,"Isaiah Briscoe",2017,NA,73.25,74.75,81,99.5,33.5,133,28,127.5,222,11,9,9.25,NA,10.95,3.38
"503",502,"Isaiah Hicks",2017,NA,79.25,80.5,84.5,105,37,142,31.5,136.5,233,7.7,8.75,9.75,NA,12.31,3.36
"504",503,"Jamel Artis",2017,NA,77.5,78.75,82,105,31,136,23.5,128.5,213,11.9,9.25,9.75,NA,11.62,3.44
"505",504,"Johnathan Motley",2017,NA,79.75,80.75,88,108,NA,NA,NA,NA,238,NA,9,9.5,NA,NA,NA
"506",505,"Jonathan Jeanne",2017,NA,84.75,86,90.5,113.5,31.5,145,29,142.5,207,8.7,9.5,10,NA,12.61,3.36
"507",506,"Justin Jackson (Canada)",2017,NA,77.75,79,87.25,107,31.5,138.5,26.5,133.5,219,8.1,9,9.5,NA,11.78,3.43
"508",507,"Kennedy Meeks",2017,NA,80.75,82.25,85,106,30.5,136.5,28,134,277,11.5,8.75,8.75,NA,12.91,3.5
"509",508,"Kobi Simmons",2017,NA,75.25,76.5,78,99,38.5,137.5,30.5,129.5,166,5,8.5,9.5,NA,11.15,3.18
"510",509,"Moritz Wagner",2017,NA,82,83.25,84,108,32.5,140.5,25.5,133.5,231,6.7,8.75,10.75,NA,12,3.35
"511",510,"Omer Yurtseven",2017,NA,82.5,83.75,85,108.5,31.5,140,26,134.5,248,7.6,9,10.5,NA,12.85,3.45
"512",511,"P.J. Dozier",2017,NA,77.25,78.75,83,101,39,140,34,135,201,6.1,8.5,9.5,NA,10.84,3.15
"513",512,"Peter Jok",2017,NA,76.25,77.75,80,102,31,133,26.5,128.5,202,11,8.25,9.5,NA,11.34,3.41
"514",513,"Rawle Alkins",2017,NA,74.5,75.75,80.75,99,40.5,139.5,31.5,130.5,223,11,8.75,10,NA,11.99,3.3
"515",514,"Sviatoslav Mykhailiuk",2017,NA,78.5,79.5,77,100,33,133,27,127,220,11.4,8,9.25,NA,12.4,3.53
"516",515,"Thomas Welsh",2017,NA,83.5,84.5,84,109.5,NA,NA,NA,NA,254,10.9,9,10.5,NA,NA,NA
"517",516,"V.J. Beachem",2017,NA,78.25,80,82.25,104.5,37,141.5,30,134.5,193,6.8,8.5,9,NA,11.18,3.26
